name,sku,brand,category
Be Bodywise Hair Growth Serum Roll On 25ml,BB-HGS-25,Be Bodywise,Haircare
Be Bodywise Hair Growth Serum Roll On 50ml,BB-HGS-50,Be Bodywise,Haircare
Be Bodywise Biotin Hair Gummies 60ct,BB-BHG-60,Be Bodywise,Supplements
Be Bodywise 10% Vitamin C Face Serum 20ml,BB-VCS-10,Be Bodywise,Skincare
Be Bodywise Ultra Light Sunscreen SPF50+ 50g,BB-USS-50,Be Bodywise,Skincare
Be Bodywise Hair Strengthening Serum 100ml,BB-HSS-100,Be Bodywise,Haircare
Be Bodywise Anti-Dandruff Scalp Serum 50ml,BB-ADS-50,Be Bodywise,Haircare
Man Matters Advanced Hair Growth Serum 30ml,MM-AHS-30,Man Matters,Haircare
Man Matters Biotin Gummies for Hair & Skin 60ct,MM-BG-60,Man Matters,Supplements
Man Matters Grow Hair Tonic 60ml,MM-GHT-60,Man Matters,Haircare
